{
  "data":[
      {"assID":467606,"count":12,"name":"LAKSHMI PRIYA V P"},
      {"assID":67890,"count":6,"name":"radha"},
      {"assID":12345,"count":4,"name":"Anusha"},
      {"assID":2076140,"count":4,"name":"sara"},
      {"assID":90251,"count":3,"name":"sudha"},
      {"assID":773195,"count":3,"name":"jaya"},
      {"assID":112233,"count":2,"name":"priya"},
      {"assID":918258,"count":2,"name":"riya"},
      {"assID":63204,"count":2,"name":"vanitha"},
      {"assID":955399,"count":2,"name":"Madhu"}
  ]
}